,mse_train,rmse_train,mse_test,rmse_test
0,0.03281477064855054,0.18114847680438978,0.01901567992839939,0.13789735286944194
