,mse_train,rmse_train,mse_test,rmse_test
0,0.04241795816716847,0.20595620448815927,0.03721566140292155,0.19291361124327527
