,mse_train,rmse_train,mse_test,rmse_test
0,0.034766573280520546,0.186457966524685,0.03346197794975732,0.18292615436223797
