,mse_train,rmse_train,mse_test,rmse_test
0,0.033463832290234585,0.18293122284135802,0.031605787275569126,0.17778016558539123
