,mse_train,rmse_train,mse_test,rmse_test
0,0.03483960285699353,0.18665369767833032,0.02347213263333359,0.1532061768772186
