,mse_train,rmse_train,mse_test,rmse_test
0,0.027028101735504875,0.16440225587109464,0.01579495721470013,0.12567799017608505
