,mse_train,rmse_train,mse_test,rmse_test
0,0.02654039542786635,0.16291223228433876,0.0178795355088219,0.13371438033667846
