,mse_train,rmse_train,mse_test,rmse_test
0,0.036644637060636545,0.19142788997592944,0.024886422000234013,0.15775430897517193
