,mse_train,rmse_train,mse_test,rmse_test
0,0.04121711886424639,0.20301999621772823,0.015356022320532134,0.12391941865798166
