,mse_train,rmse_train,mse_test,rmse_test
0,0.033479771367161994,0.1829747834188143,0.03909931749214418,0.19773547353002743
