,mse_train,rmse_train,mse_test,rmse_test
0,0.03574061449485288,0.18905188307671753,0.01173145200164722,0.10831182761659605
