,mse_train,rmse_train,mse_test,rmse_test
0,0.050170358821612485,0.22398740773001613,0.033557601491349426,0.18318733987737643
