,mse_train,rmse_train,mse_test,rmse_test
0,0.0330304926028704,0.18174292999418273,0.028294638652981586,0.16821010270783854
