,mse_train,rmse_train,mse_test,rmse_test
0,0.02558929457838993,0.1599665420592379,0.022180742727989252,0.1489320070635901
