,mse_train,rmse_train,mse_test,rmse_test
0,0.034369865354819486,0.18539111455196414,0.026346552170447523,0.16231621043644262
