,mse_train,rmse_train,mse_test,rmse_test
0,0.04675867785414375,0.21623754959336675,0.04046785911248955,0.20116624744844636
