,mse_train,rmse_train,mse_test,rmse_test
0,0.042263604497357644,0.2055811384766551,0.01940635738830043,0.1393067025964667
