,mse_train,rmse_train,mse_test,rmse_test
0,0.04446968764153156,0.2108783716779214,0.04550678122428099,0.21332318491969174
