,mse_train,rmse_train,mse_test,rmse_test
0,0.03978378618901086,0.19945873304774314,0.029969039450749305,0.17311568227849639
