,mse_train,rmse_train,mse_test,rmse_test
0,0.054176289982249985,0.23275800734292684,0.04792758884134911,0.21892370552626114
